sample_id,GENA,GENB,GENC,GEND,HK1,HK2
S01,1134.33,1430.87,1053.74,481.6,1029.16,931.07
S02,1189.38,1232.65,1095.08,489.61,1039.74,960.05
S03,1289.34,1334.15,1146.85,487.02,1017.06,1077.44
S04,1290.23,1263.45,1095.92,561.81,973.28,989.07
S05,1278.27,1262.0,1061.68,529.04,998.58,1054.18
S06,1132.29,1392.68,1110.27,515.51,1040.04,1048.68
S07,1445.01,364.62,1159.84,1186.16,1056.43,982.24
S08,1404.72,360.33,1242.83,1001.16,968.7,985.71
S09,1153.27,372.82,1274.07,1162.2,1033.4,1023.61
S10,1204.0,373.63,1094.24,1051.27,1029.77,1130.74
S11,1141.94,345.55,1152.97,1172.76,979.34,856.11
S12,1126.63,343.26,1146.45,1050.22,948.28,986.2
